1,1,"O!RUL8,2?",0
1,2,Skool Luv Affair,0
1,3,Dark & Wild,0
1,4,Wake Up,0
1,5,"The Most Beautiful Moment in Life, Pt. 1",0
1,6,"The Most Beautiful Moment in Life, Pt. 2",0
1,7,"The Most Beautiful Moment in Life, Pt. 3",0
1,8,Youth,0
1,9,You Never Walk Alone,0
1,10,Wings,0
1,11,Love Yourself: Her,0
1,12,Face Yourself,0
1,13,Love Yourself: Tear,0
1,14,Love Yourself: Answer,0
1,15,Map of the Soul: Persona,0
2,1,Ice Cream Cake,0
2,2,The Velvet,0
2,3,Russian Roulette,0
2,4,Rookie,0
2,5,The Red Summer,0
2,6,Perfect Velvet,0
2,7,The Perfect Red Velvet,0
2,8,#Cookie Jar,0
2,9,Summer Magic,0
2,10,RBB,0
2,11,The ReVe Festival: Day 1,0
2,12,The ReVe Festival: Day 2,0
2,13,The ReVe Festival: Finale,0
3,1,THE STORY BEGINS,0
3,2,PAGE TWO,0
3,3,TWICEcoster LANE 1,0
3,4,TWICEcoster LANE 2,0
3,5,SIGNAL,0
3,6,twicetagram,0
3,7,Merry & Happy,0
3,8,What is Love,0
3,9,Summer Nights,0
3,10,YES or YES,0
3,11,The year of YES,0
3,12,Fancy You,0
3,13,Feel Sepcial,0
